customer_id,customer_name,email,phone,city,state,signup_date,customer_segment
CUST-1102,Priya Joshi,priya.joshi102@example.com,8628238707,,Karnataka,2022-08-05,consumer
CUST-1056,  Meera Saxena  ,meera.saxena56@example.com,+91-7444900634,Chennai,Karnataka,29/04/2022,Consumer
CUST-1057,Kavya Joshi,kavya.joshi57@example.com,8210133979,HYDERABAD,Maharashtra,2022-12-18,Corporate
CUST-1140,  Manish Chawla  ,manish.chawla140@example.com,9960826470,HYDERABAD,Delhi,26/10/2022,Consumer
CUST-1085,rahul chawla,rahul.chawla85@example.com,8780010572,,West Bengal,2023-08-13,Corporate
CUST-1079,Meera Shah,meera.shah79@example.com,9353372386,ahmedabad,Tamil Nadu,2022-11-08,Home Office
CUST-1136,Karan Kulkarni,karan.kulkarni136@example.com,+91-8633711193,,Delhi,2023-03-30,Home Office
CUST-1105,  Karan Bhat  ,,7294713656,kolkata,West Bengal,2022-02-11,Consumer
CUST-1110,Deepak Shah,deepak@@domain..com,7851819913,CHENNAI,Telangana,2023/10/05,Corporate
CUST-1109,Neha Singh,neha.singh109@example.com,8335901990, Chennai ,Telangana,2022-01-27,Home Office
CUST-1141,Karan Rao,karan.rao141@example.com,8214266162,PUNE,Gujarat,2023-04-10,Consumer
CUST-1138,Vikram Reddy,vikram.reddy138@example.com,9686566602,mumbai,Karnataka,2023-11-08,Consumer
CUST-1052,Rekha Iyer,rekha.iyergmail.com,7311570307,Chennai,Delhi,2023-09-29,CORPORATE
CUST-1016,Ishita Patel,ishita.patel16@example.com,+91-7906164396,hyderabad,West Bengal,2022-11-19,Corporate
CUST-1046,Priya Iyer,priya.iyer46@example.com,7245522987,chennai,Telangana,2023-05-04,CORPORATE
CUST-1030,Swati Reddy,,9316259067,kolkata,West Bengal,2022/07/25,  Consumer  
CUST-1070,  Anita Joshi  ,anita.joshi70@example.com,7298159856,kolkata,Karnataka,26/12/2022,  Consumer  
CUST-1031,Meera Shah,meera.shah31@example.com,9884873529,Pune,Karnataka,2023-03-25,CORPORATE
CUST-1141,Karan Rao,karan.rao141@example.com,8214266162,PUNE,Gujarat,2023-04-10,Consumer
CUST-1025,Meera Bhat,meera.bhat25@example.com,9180395476,HYDERABAD,Maharashtra,invalid-date-string,Home Office
CUST-1061,Swati Banerjee,swati.banerjee61@example.com,7041531046, Chennai ,Tamil Nadu,2022-06-02,CORPORATE
CUST-1065,manish pillai,manish.pillaigmail.com,7663801533,MUMBAI,Gujarat,2022-06-16,Corporate
CUST-1020,Priya Gupta,priya.gupta20@example.com,7656448479,Pune,Maharashtra,2023/11/28,consumer
CUST-1017,Shweta Shah,shweta.shah17@example.com,9761027762,,Delhi,2022-05-27,Home Office
CUST-1145,Varun Chawla,varun.chawla145@example.com,7534094883,delhi,West Bengal,2022-11-08,  Consumer  
CUST-1019,Aarti Mehta,aarti.mehta19@example.com,7941975480,Chennai,Telangana,2023-05-21,Consumer
CUST-1013,Rahul Pillai,rahul.pillaigmail.com,9727210979,Mumbai,Telangana,2022-09-08,Corporate
CUST-1115,Ishita Pillai,ishita.pillai115@example.com,9311435034,kolkata,Delhi,2023-04-22,consumer
CUST-1010,Rahul Verma,rahul.verma10@example.com,9840104345,MUMBAI,Gujarat,2022/10/24,Consumer
CUST-1114,Sunita Bhat,sunita.bhat114@example.com,8974565461,PUNE,Maharashtra,2023-03-22,Corporate
CUST-1032,Sanjay Gupta,sanjay.gupta32@example.com,+91-8064746525,MUMBAI,Tamil Nadu,2022-12-13,Consumer
CUST-1091,  Ishita Kulkarni  ,ishita.kulkarnigmail.com,9081328344,Pune,Maharashtra,2022-10-09,consumer
CUST-1133,  Rahul Shah  ,rahul.shah133@example.com,9112035409,CHENNAI,Telangana,2023-10-07,  Consumer  
CUST-1077,  Manish Iyer  ,manish@@domain..com,8728296502,PUNE,Karnataka,2023-07-22,Corporate
CUST-1118,Ananya Deshmukh,ananya.deshmukh118@example.com,8395925222,Mumbai,Delhi,2022-08-06,Home Office
CUST-1101,Ananya Patel,ananya.patel101@example.com,9760588734,Delhi,Maharashtra,2023-04-18,Corporate
CUST-1076,Suresh Saxena,suresh.saxena76@example.com,7535261654,Kolkata,Karnataka,2023-06-04,Home Office
CUST-1043,Divya Shah,divya.shah43@example.com,7251837136,Mumbai,Delhi,2022-01-03,consumer
CUST-1003,Ananya Patel,ananya.patel3@example.com,7939042955,MUMBAI,Telangana,2023-09-09,Consumer
CUST-1096,Ananya Chatterjee,ananya.chatterjee96@example.com,,BENGALURU ,Delhi,2022-01-07,Home Office
CUST-1113,Anita Sharma,anita.sharma113@example.com,8804138557,ahmedabad,Delhi,2022-04-19,consumer
CUST-1125,Meera Joshi,meera.joshi125@example.com,7990153355, Chennai ,West Bengal,invalid-date-string,Home Office
CUST-1137,Swati Rao,swati.rao137@example.com,9442244963,HYDERABAD,Tamil Nadu,2023-09-17,  Consumer  
CUST-1146,Aarti Joshi,aarti.joshi146@example.com,9149511642,Hyderabad,Delhi,2023-03-25,Consumer
CUST-1027,Ananya Gupta,ananyagupta@domain,8558990517,ahmedabad,Gujarat,2022-11-11,Corporate
CUST-1148,Karan Saxena,karan.saxena148@example.com,9470461357,hyderabad,Tamil Nadu,2023-11-20,Home Office
CUST-1105,  Karan Bhat  ,,7294713656,kolkata,West Bengal,2022-02-11,Consumer
CUST-1127,Nikhil Joshi,nikhil.joshi127@example.com,9532256470,kolkata,Telangana,2023-09-04,Home Office
CUST-1067,Riya Joshi,riya.joshi67@example.com,7683749521,Ahmedabad,West Bengal,2022-04-21,consumer
CUST-1037,Vikram Gupta,vikram.gupta37@example.com,9830309370,Delhi,Karnataka,2023-03-10,consumer
CUST-1083,Anita Patel,anita.patel83@example.com,8008752943,pune,Karnataka,2022-08-19,Corporate
CUST-1023,Anita Gupta,anita.gupta23@example.com,8260573448,Delhi,Maharashtra,2023-04-10,Consumer
CUST-1094,Divya Patel,divya.patel94@example.com,8781844052,Delhi,Karnataka,2023-07-10,consumer
CUST-1066,Manish Sharma,manish@@domain..com,7770348179,Kolkata,Karnataka,2023-02-26,  Consumer  
CUST-1099,Deepak Iyer,deepak@@domain..com,9872790327,pune,Gujarat,2023-02-19,  Consumer  
CUST-1012,Siddharth Mehta,siddharth.mehta12@example.com,,Bangalore,Maharashtra,2023-11-18,Home Office
CUST-1069,Meera Nair,meera.nair69@example.com,7957449367,Chennai,West Bengal,2022-07-17,consumer
CUST-1098,  Karan Deshmukh  ,karan.deshmukh98@example.com,7942408767, Mumbai,Delhi,13/05/2023,Consumer
CUST-1007,  Sneha Shah  ,sneha.shah7@example.com,7415393687,Bangalore,Gujarat,2022-12-19,CORPORATE
CUST-1028,  Priya Nair  ,priya.nair28@example.com,9436779490,CHENNAI,Tamil Nadu,13/05/2023,Consumer
CUST-1086,Deepak Deshmukh,deepak.deshmukh86@example.com,8716495971,MUMBAI,Maharashtra,2023-11-03,  Consumer  
CUST-1149,Rohan Singh,rohan.singh149@example.com,9020785643,DELHI,West Bengal,2023-03-29,Home Office
CUST-1039,Aarti Iyer,aarti.iyergmail.com,7469306919,MUMBAI,Maharashtra,2022-07-14,CORPORATE
CUST-1042,  Aarav Patel  ,aarav.patel42@example.com,8015242176,Mumbai,Delhi,13/05/2023,consumer
CUST-1005,Sanjay Chatterjee,sanjay.chatterjee5@example.com,8194819984,Ahmedabad,Gujarat,2022-01-07,Corporate
CUST-1033,Karan Chatterjee,karan@@domain..com,7945826486,Chennai,Tamil Nadu,2023-10-09,Consumer
CUST-1068,Rohan Deshmukh,rohan.deshmukh68@example.com,7955345537,,Maharashtra,2023-04-17,Home Office
CUST-1074,Deepak Chatterjee,deepak.chatterjee74@example.com,7816382125, Mumbai,Tamil Nadu,2023-03-23,Consumer
CUST-1124,Rajesh Agarwal,rajesh.agarwal124@example.com,9363900493,bengaluru,Karnataka,2023-04-10,Home Office
CUST-1011,Karan Gupta,karan@@domain..com,8632629719, Mumbai,Delhi,2023-10-13,Home Office
CUST-1117,riya chawla,riya.chawlagmail.com,9447485590,HYDERABAD,West Bengal,2023-01-24,Home Office
CUST-1119,  Arjun Iyer  ,arjun.iyer119@example.com,8201124041,,Telangana,2022-10-10,CORPORATE
CUST-1001,Neha Sharma,neha.sharma1@example.com,8181241943,MUMBAI,Maharashtra,2022-05-23,  Consumer  
CUST-1129,Aarav Kapoor,aarav.kapoor129@example.com,9294092753,Chennai,Karnataka,2022-02-16,Consumer
CUST-1121,Manish Deshmukh,manish@@domain..com,9384463652,kolkata,Maharashtra,2023-05-03,  Consumer  
CUST-1065,Manish Pillai,manish.pillaigmail.com,7663801533,MUMBAI,Gujarat,2022-06-16,Corporate
CUST-1045,Shweta Kumar,,7815605132,Bengaluru,Maharashtra,2022-03-01,CORPORATE
CUST-1112,  Rohan Mehta  ,rohan.mehta112@example.com,+91-9288123416,Delhi,West Bengal,15/01/2023,Consumer
CUST-1029,Aditya Kumar,aditya.kumar29@example.com,9833608204,New Delhi,Telangana,2022-06-19,Home Office
CUST-1041,Rahul Chawla,rahul.chawla41@example.com,9363629219, Chennai ,Tamil Nadu,2023-10-30,CORPORATE
CUST-1010,Rahul Verma,rahul.verma10@example.com,9840104345,MUMBAI,Gujarat,2022/10/24,Consumer
CUST-1026,Siddharth Banerjee,siddharth.banerjeegmail.com,9277851678,Chennai,Telangana,2022-11-28,consumer
CUST-1024,Arjun Kulkarni,arjun.kulkarni24@example.com,,kolkata,Maharashtra,2023-06-04,Consumer
CUST-1127,Nikhil Joshi,nikhil.joshi127@example.com,9532256470,kolkata,Telangana,2023-09-04,Home Office
CUST-1082,Siddharth Saxena,siddharth.saxena82@example.com,7364194056,Bengaluru,Telangana,2023-11-11,  Consumer  
CUST-1080,Divya Agarwal,divya.agarwal80@example.com,+91-9491015654,HYDERABAD,West Bengal,2022/11/26,consumer
CUST-1085,Rahul Chawla,rahul.chawla85@example.com,8780010572,,West Bengal,2023-08-13,Corporate
CUST-1040,Sanjay Kumar,sanjay.kumar40@example.com,+91-8811967841,Mumbai,Karnataka,2023/04/19,Corporate
CUST-1097,Meera Shah,meera.shah97@example.com,8799682701,Hyderabad,West Bengal,2023-07-14,CORPORATE
CUST-1087,Aarav Gupta,aarav.gupta87@example.com,8825989011,MUMBAI,Maharashtra,2023-06-15,consumer
CUST-1116,Ishita Iyer,ishita.iyer116@example.com,8054393708,ahmedabad,Tamil Nadu,2022-10-13,consumer
CUST-1081,Sanjay Chawla,sanjaychawla@domain,9901796894,mumbai,Telangana,2023-04-30,  Consumer  
CUST-1144,Rahul Verma,rahulverma@domain,,Mumbai,Gujarat,2022-11-11,CORPORATE
CUST-1048,Rahul Saxena,rahul.saxena48@example.com,,MUMBAI,Delhi,2022-05-03,CORPORATE
CUST-1095,Manish Verma,manish.verma95@example.com,7888346940,ahmedabad,Delhi,2023-02-03,CORPORATE
CUST-1121,manish deshmukh,manish@@domain..com,9384463652,kolkata,Maharashtra,2023-05-03,  Consumer  
CUST-1062,Rohan Mehta,rohan.mehta62@example.com,9501859536,Hyderabad,Maharashtra,2023-03-17,Corporate
CUST-1074,Deepak Chatterjee,deepak.chatterjee74@example.com,7816382125, Mumbai,Tamil Nadu,2023-03-23,Consumer
CUST-1034,Karan Patel,karan.patel34@example.com,7134917627,,Gujarat,2022-12-05,Consumer
CUST-1120,Aarav Kulkarni,,,mumbai,Tamil Nadu,2022/09/05,  Consumer  
CUST-1128,Vikram Reddy,vikram.reddy128@example.com,+91-8272368870,MUMBAI,Karnataka,2022-07-03,Home Office
CUST-1134,Priya Kumar,priya.kumar134@example.com,7640798731,Ahmedabad,Telangana,2022-11-08,Consumer
CUST-1063,  Rohan Rao  ,rohanrao@domain,8566166314,Ahmedabad,Gujarat,2022-02-10,Home Office
CUST-1104,sneha deshmukh,sneha.deshmukhgmail.com,+91-7083250566,Kolkata,Telangana,2022-02-23,Home Office
CUST-1142,Karan Joshi,karan.joshi142@example.com,9684603688,hyderabad,West Bengal,2022-07-22,consumer
CUST-1123,Riya Rao,riya.rao123@example.com,9851686578,hyderabad,Karnataka,2023-04-30,CORPORATE
CUST-1106,Riya Reddy,riya.reddy106@example.com,7087531510,HYDERABAD,Maharashtra,2022-09-02,Corporate
CUST-1054,Rajesh Patel,rajeshpatel@domain,8049193572,Bangalore,Karnataka,2022-06-11,consumer
CUST-1006,Swati Iyer,swati.iyer6@example.com,8193448329,Chennai,Maharashtra,2022-12-11,Consumer
CUST-1126,  Neha Banerjee  ,nehabanerjee@domain,9964229896,Mumbai,Maharashtra,10/08/2022,  Consumer  
CUST-1004,Amit Kapoor,amit.kapoor4@example.com,9791232393,PUNE,Telangana,2023-03-06,Corporate
CUST-1106,Riya Reddy,riya.reddy106@example.com,7087531510,HYDERABAD,Maharashtra,2022-09-02,Corporate
CUST-1050,Suresh Joshi,suresh.joshi50@example.com,7877286584,pune,West Bengal,2022/11/18,Corporate
CUST-1036,Nikhil Nair,nikhilnair@domain,,Ahmedabad,Delhi,2023-02-21,Corporate
CUST-1081,Sanjay Chawla,sanjaychawla@domain,9901796894,mumbai,Telangana,2023-04-30,  Consumer  
CUST-1078,Amit Agarwal,amit.agarwalgmail.com,9855850145,BENGALURU ,West Bengal,2022-06-28,CORPORATE
CUST-1035,  Riya Joshi  ,riya.joshi35@example.com,9873237671,New Delhi,Maharashtra,2023-07-07,Corporate
CUST-1047,Siddharth Verma,siddharth.verma47@example.com,9181106786,CHENNAI,Gujarat,2022-07-10,Consumer
CUST-1008,Arjun Verma,arjun.verma8@example.com,+91-8973214822,Hyderabad,Tamil Nadu,2023-01-23,Consumer
CUST-1044,Arjun Chawla,arjun@@domain..com,8225136114,Delhi,West Bengal,2023-07-24,  Consumer  
CUST-1071,Aarti Saxena,aarti.saxena71@example.com,9303029031,bengaluru,Tamil Nadu,2022-04-29,Home Office
CUST-1139,Siddharth Nair,siddharth.nair139@example.com,7746523513,Hyderabad,Tamil Nadu,2022-06-10,Consumer
CUST-1111,Vikram Kapoor,vikram.kapoor111@example.com,8295287749,pune,Telangana,2022-05-04,CORPORATE
CUST-1092,Rahul Kapoor,rahul.kapoor92@example.com,8227193073,MUMBAI,Karnataka,2022-12-10,Home Office
CUST-1084,  Kavya Sharma  ,kavya.sharma84@example.com,,chennai,Maharashtra,02/05/2023,CORPORATE
CUST-1086,deepak deshmukh,deepak.deshmukh86@example.com,8716495971,MUMBAI,Maharashtra,2023-11-03,  Consumer  
CUST-1083,Anita Patel,anita.patel83@example.com,8008752943,pune,Karnataka,2022-08-19,Corporate
CUST-1090,Sanjay Singh,,9038711176,delhi,Karnataka,2022/09/11,  Consumer  
CUST-1009,Varun Bhat,varunbhat@domain,9656522106,Bangalore,Telangana,2022-07-16,  Consumer  
CUST-1014,  Rekha Shah  ,rekha.shah14@example.com,8159417075,Pune,West Bengal,25/07/2023,Corporate
CUST-1060,Arjun Singh,,,Kolkata,Delhi,2023/07/19,  Consumer  
CUST-1147,  Rohan Agarwal  ,rohan.agarwal147@example.com,8384360647,HYDERABAD,Karnataka,2022-01-27,Consumer
CUST-1132,Pooja Verma,pooja@@domain..com,, Mumbai,Gujarat,2023-05-05,Consumer
CUST-1018,Aditya Nair,adityanair@domain,9411057787,Hyderabad,Karnataka,2023-08-22,consumer
CUST-1073,Swati Mehta,swati.mehta73@example.com,8347233823,Delhi,Telangana,2023-06-08,Consumer
CUST-1027,Ananya Gupta,ananyagupta@domain,8558990517,ahmedabad,Gujarat,2022-11-11,Corporate
CUST-1135,Riya Gupta,,9396905421,kolkata,Delhi,2023-09-13,CORPORATE
CUST-1143,Neha Banerjee,neha.banerjeegmail.com,7965549222,Pune,Maharashtra,2022-09-30,Corporate
CUST-1042,  aarav patel  ,aarav.patel42@example.com,8015242176,Mumbai,Delhi,13/05/2023,consumer
CUST-1064,Divya Saxena,divya.saxena64@example.com,+91-8071722055,pune,Tamil Nadu,2022-12-29,CORPORATE
CUST-1055,Meera Pillai,meera@@domain..com,9808806886,DELHI,Tamil Nadu,2023-11-15,CORPORATE
CUST-1108,Arjun Mehta,arjunmehta@domain,,Mumbai,Telangana,2023-09-14,  Consumer  
CUST-1051,Arjun Shah,arjun.shah51@example.com,7562117925,,West Bengal,2023-10-23,Home Office
CUST-1030,swati reddy,,9316259067,kolkata,West Bengal,2022/07/25,  Consumer  
CUST-1059,Swati Joshi,swati.joshi59@example.com,7189351213,Chennai,Karnataka,2022-05-14,  Consumer  
CUST-1049,  Riya Chatterjee  ,riya.chatterjee49@example.com,9553440342,chennai,Telangana,2022-03-25,consumer
CUST-1089,Suresh Chawla,suresh.chawla89@example.com,9631321682,ahmedabad,West Bengal,2023-06-01,consumer
CUST-1022,Aarav Saxena,aarav@@domain..com,7491995979,pune,Telangana,2022-10-01,  Consumer  
CUST-1058,Arjun Kulkarni,arjun.kulkarni58@example.com,9098228320, Mumbai,Gujarat,2022-02-22,Consumer
CUST-1023,Anita Gupta,anita.gupta23@example.com,8260573448,Delhi,Maharashtra,2023-04-10,Consumer
CUST-1130,Varun Kapoor,varun.kapoorgmail.com,7542366274,Pune,Gujarat,2023/05/18,Consumer
CUST-1038,Rekha Verma,rekha.verma38@example.com,9892078691,Pune,West Bengal,2022-04-11,Consumer
CUST-1103,Suresh Iyer,suresh.iyer103@example.com,8628334692, Mumbai,Gujarat,2023-03-08,Home Office
CUST-1002,Vikram Saxena,vikram.saxena2@example.com,9342331444,CHENNAI,Telangana,2023-03-09,Consumer
CUST-1053,Vikram Patel,vikram.patel53@example.com,9309122187,mumbai,Telangana,2022-09-29,Corporate
CUST-1150,Pooja Chatterjee,,8872111746,Pune,Gujarat,2023/05/19,Consumer
CUST-1131,Aarav Chatterjee,aarav.chatterjee131@example.com,8221228113,New Delhi,Delhi,2023-03-28,Home Office
CUST-1090,sanjay singh,,9038711176,delhi,Karnataka,2022/09/11,  Consumer  
CUST-1104,Sneha Deshmukh,sneha.deshmukhgmail.com,+91-7083250566,Kolkata,Telangana,2022-02-23,Home Office
CUST-1100,Siddharth Chawla,siddharth.chawla100@example.com,7548157187,HYDERABAD,Telangana,2022/01/28,consumer
CUST-1117,Riya Chawla,riya.chawlagmail.com,9447485590,HYDERABAD,West Bengal,2023-01-24,Home Office
CUST-1088,Priya Banerjee,priya@@domain..com,+91-8070298438, Chennai ,Delhi,2022-05-17,consumer
CUST-1075,Amit Mehta,,8852408227,CHENNAI,West Bengal,invalid-date-string,CORPORATE
CUST-1122,Shweta Chawla,shweta.chawla122@example.com,7074059253,CHENNAI,Karnataka,2022-08-15,consumer
INVALID_ID_999,Ghost User,ghost@test.com,9999999999,Chennai,Tamil Nadu,2023-01-01,Consumer
CUST-1021,  Rahul Shah  ,rahul.shah21@example.com,8639042338,HYDERABAD,Delhi,2023-06-26,Home Office
CUST-1072,Pooja Chatterjee,poojachatterjee@domain,, Mumbai,Tamil Nadu,2022-04-22,CORPORATE
CUST-1107,Nikhil Saxena,nikhil.saxena107@example.com,7491298929,hyderabad,Maharashtra,2023-04-22,  Consumer  
CUST-1015,Suresh Verma,,7983753977,ahmedabad,Tamil Nadu,2022-11-20,consumer
CUST-1093,Sneha Kumar,sneha.kumar93@example.com,7647812758,MUMBAI,Delhi,2022-06-06,  Consumer  
CUST-1103,Suresh Iyer,suresh.iyer103@example.com,8628334692, Mumbai,Gujarat,2023-03-08,Home Office
